series,20
arr[0],0.750000
arr[1],0.250000
arr[2],0.062500
arr[3],0.312500
arr[4],0.187500
arr[5],0.148438
arr[6],0.140625
arr[7],0.103516
arr[8],0.080078
arr[9],0.056641
arr[10],0.046631
arr[11],0.049438
arr[12],0.043457
arr[13],0.031830
arr[14],0.025223
arr[15],0.021965
arr[16],0.021244
arr[17],0.020617
arr[18],0.021710
arr[19],0.023421
arr[20],0.025693
arr[21],0.042738
arr[22],0.141683
arr[23],0.406030
arr[24],0.753193
