series,80
arr[0],0.500000
arr[1],0.000000
arr[2],0.437500
arr[3],0.187500
arr[4],0.156250
arr[5],0.187500
arr[6],0.148438
arr[7],0.115234
arr[8],0.072266
arr[9],0.045898
arr[10],0.050049
arr[11],0.050049
arr[12],0.044006
arr[13],0.032715
arr[14],0.025452
arr[15],0.021553
arr[16],0.020508
arr[17],0.020292
arr[18],0.021923
arr[19],0.023122
arr[20],0.023143
arr[21],0.026402
arr[22],0.080748
arr[23],0.349624
arr[24],0.798843
