series,50
arr[0],0.000000
arr[1],0.375000
arr[2],0.187500
arr[3],0.187500
arr[4],0.203125
arr[5],0.132812
arr[6],0.179688
arr[7],0.111328
arr[8],0.062500
arr[9],0.052734
arr[10],0.043457
arr[11],0.048462
arr[12],0.044617
arr[13],0.034149
arr[14],0.025116
arr[15],0.022644
arr[16],0.020741
arr[17],0.020086
arr[18],0.021660
arr[19],0.023226
arr[20],0.023248
arr[21],0.027420
arr[22],0.085963
arr[23],0.359842
arr[24],0.792296
