series,60
arr[0],0.250000
arr[1],0.250000
arr[2],0.375000
arr[3],0.312500
arr[4],0.250000
arr[5],0.210938
arr[6],0.136719
arr[7],0.103516
arr[8],0.067383
arr[9],0.048828
arr[10],0.047607
arr[11],0.051392
arr[12],0.042603
arr[13],0.032959
arr[14],0.025848
arr[15],0.021965
arr[16],0.020744
arr[17],0.020416
arr[18],0.021767
arr[19],0.023031
arr[20],0.023195
arr[21],0.026851
arr[22],0.083012
arr[23],0.354395
arr[24],0.795834
