series,40
arr[0],0.000000
arr[1],0.375000
arr[2],0.125000
arr[3],0.218750
arr[4],0.265625
arr[5],0.195312
arr[6],0.175781
arr[7],0.101562
arr[8],0.076172
arr[9],0.053711
arr[10],0.039307
arr[11],0.049072
arr[12],0.043457
arr[13],0.032166
arr[14],0.025055
arr[15],0.021484
arr[16],0.020905
arr[17],0.020679
arr[18],0.021687
arr[19],0.023131
arr[20],0.023630
arr[21],0.028678
arr[22],0.092242
arr[23],0.369170
arr[24],0.785882
